{
    "name": "IFTTT-Maker",
    "docs": "https://github.com/fixme...jimboca/udi-poly-kasa/blob/pg3/README.md",
    "type": "python3",
    "executable": "ifttt-maker.py",
    "install": "install.sh",
    "description": "IFTTT Maker Node Server",
    "notice": "Nothing is my fault",
    "shortPoll": "240",
    "longPoll": "240",
    "testMode": false,
    "cloud": false,
    "prem": true,
    "discover": false,
    "profile_version": "3.0.0",
	"customParams": {
		"API Key": ""
	},
    "credits": [
        {
            "title": "IFTTT-Maker: a NodeServer for ISY and IFTTT Maker Integration",
            "author": "JimBo.Automates",
            "version": "3.0.0",
            "date": "February 26, 2022",
            "source": "https://github.com/jimboca/udi-poly-kasa/tree/pg3",
            "license": "https://github.com/jimboca/udi-poly-kasa/blob/pg3/LICENSE"
        }
    ]
}
